CREATE DATABASE  IF NOT EXISTS `activeworkbench` /*!40100 DEFAULT CHARACTER SET utf8 */ /*!80016 DEFAULT ENCRYPTION='N' */;
USE `activeworkbench`;
-- MySQL dump 10.13  Distrib 8.0.27, for Win64 (x86_64)
--
-- Host: 127.0.0.1    Database: activeworkbench
-- ------------------------------------------------------
-- Server version	8.0.27

/*!40101 SET @OLD_CHARACTER_SET_CLIENT=@@CHARACTER_SET_CLIENT */;
/*!40101 SET @OLD_CHARACTER_SET_RESULTS=@@CHARACTER_SET_RESULTS */;
/*!40101 SET @OLD_COLLATION_CONNECTION=@@COLLATION_CONNECTION */;
/*!50503 SET NAMES utf8 */;
/*!40103 SET @OLD_TIME_ZONE=@@TIME_ZONE */;
/*!40103 SET TIME_ZONE='+00:00' */;
/*!40014 SET @OLD_UNIQUE_CHECKS=@@UNIQUE_CHECKS, UNIQUE_CHECKS=0 */;
/*!40014 SET @OLD_FOREIGN_KEY_CHECKS=@@FOREIGN_KEY_CHECKS, FOREIGN_KEY_CHECKS=0 */;
/*!40101 SET @OLD_SQL_MODE=@@SQL_MODE, SQL_MODE='NO_AUTO_VALUE_ON_ZERO' */;
/*!40111 SET @OLD_SQL_NOTES=@@SQL_NOTES, SQL_NOTES=0 */;

--
-- Table structure for table `abfahrt`
--

DROP TABLE IF EXISTS `abfahrt`;
/*!40101 SET @saved_cs_client     = @@character_set_client */;
/*!50503 SET character_set_client = utf8mb4 */;
CREATE TABLE `abfahrt` (
  `abfahrt_id` int NOT NULL AUTO_INCREMENT,
  `abfahrt` time NOT NULL,
  `zugnr` varchar(8) NOT NULL,
  `gleis` int NOT NULL,
  `route_id` varchar(8) NOT NULL,
  PRIMARY KEY (`abfahrt_id`),
  KEY `route_id` (`route_id`),
  CONSTRAINT `abfahrt_ibfk_1` FOREIGN KEY (`route_id`) REFERENCES `route` (`id`)
) ENGINE=InnoDB AUTO_INCREMENT=640 DEFAULT CHARSET=utf8mb3;
/*!40101 SET character_set_client = @saved_cs_client */;

--
-- Dumping data for table `abfahrt`
--

LOCK TABLES `abfahrt` WRITE;
/*!40000 ALTER TABLE `abfahrt` DISABLE KEYS */;
INSERT INTO `abfahrt` VALUES (1,'00:26:00','RB51',5,'13005101'),(2,'05:09:00','RB51',5,'13005101'),(3,'06:09:00','RB51',5,'13005101'),(4,'07:09:00','RB51',5,'13005101'),(5,'08:09:00','RB51',5,'13005101'),(6,'09:09:00','RB51',5,'13005101'),(7,'10:09:00','RB51',5,'13005101'),(8,'11:09:00','RB51',5,'13005101'),(9,'12:09:00','RB51',5,'13005101'),(10,'13:09:00','RB51',5,'13005101'),(11,'14:09:00','RB51',5,'13005101'),(12,'15:09:00','RB51',5,'13005101'),(13,'16:09:00','RB51',5,'13005101'),(14,'17:09:00','RB51',5,'13005101'),(15,'18:09:00','RB51',5,'13005101'),(16,'19:09:00','RB51',5,'13005101'),(17,'20:09:00','RB51',5,'13005101'),(18,'21:09:00','RB51',5,'13005101'),(19,'22:09:00','RB51',5,'13005101'),(20,'23:26:00','RB51',5,'13005101'),(41,'08:02:00','RE5',5,'12000501'),(42,'08:33:30','RE5',5,'12000501'),(43,'16:33:30','RE5',5,'12000501'),(44,'18:33:30','RE5',5,'12000501'),(45,'05:48:00','RB51',6,'13005101'),(46,'06:48:00','RB51',6,'13005102'),(47,'07:48:00','RB51',6,'13005104'),(48,'08:48:00','RB51',6,'13005102'),(49,'09:48:00','RB51',6,'13005102'),(50,'10:48:00','RB51',6,'13005102'),(51,'11:48:00','RB51',6,'13005102'),(52,'12:48:00','RB51',6,'13005102'),(53,'13:48:00','RB51',6,'13005102'),(54,'14:48:00','RB51',6,'13005102'),(55,'15:48:00','RB51',6,'13005102'),(56,'16:48:00','RB51',6,'13005104'),(57,'17:48:00','RB51',6,'13005104'),(58,'18:48:00','RB51',6,'13005104'),(59,'19:48:00','RB51',6,'13005102'),(60,'20:48:00','RB51',6,'13005102'),(61,'21:48:00','RB51',6,'13005102'),(62,'22:48:00','RB51',6,'13005102'),(63,'23:48:00','RB51',6,'13005103'),(85,'08:24:00','RE5',8,'12000502'),(86,'14:27:00','RE5',8,'12000502'),(87,'18:26:00','RE5',8,'12000502'),(88,'20:26:00','RE5',8,'12000502'),(89,'05:40:00','RE55',6,'12005502'),(91,'06:40:00','RE55',6,'12005502'),(92,'07:40:00','RE55',6,'12005502'),(93,'08:40:00','RE55',6,'12005502'),(94,'09:40:00','RE55',6,'12005502'),(95,'10:40:00','RE55',6,'12005502'),(96,'11:40:00','RE55',6,'12005502'),(97,'12:40:00','RE55',6,'12005502'),(98,'13:40:00','RE55',6,'12005502'),(99,'14:40:00','RE55',6,'12005502'),(100,'15:40:00','RE55',6,'12005502'),(102,'16:40:00','RE55',6,'12005502'),(103,'17:40:00','RE55',6,'12005502'),(104,'18:40:00','RE55',6,'12005502'),(105,'19:40:00','RE55',6,'12005502'),(106,'20:40:00','RE55',6,'12005502'),(107,'21:40:00','RE55',6,'12005502'),(108,'22:40:00','RE55',6,'12005502'),(109,'23:40:00','RE55',6,'12005502'),(110,'05:10:00','RE54',8,'12005403'),(112,'06:10:00','RE54',8,'12005403'),(113,'07:10:00','RE54',8,'12005403'),(114,'08:10:00','RE54',8,'12005403'),(115,'09:10:00','RE54',8,'12005403'),(116,'10:10:00','RE54',8,'12005403'),(117,'11:10:00','RE54',8,'12005403'),(118,'12:10:00','RE54',8,'12005403'),(119,'13:10:00','RE54',8,'12005403'),(120,'14:10:00','RE54',8,'12005403'),(121,'15:10:00','RE54',8,'12005403'),(123,'16:10:00','RE54',8,'12005403'),(124,'17:10:00','RE54',8,'12005403'),(125,'18:10:00','RE54',8,'12005403'),(126,'19:10:00','RE54',8,'12005403'),(127,'20:10:00','RE54',8,'12005403'),(128,'21:10:00','RE54',8,'12005403'),(129,'22:10:00','RE54',8,'12005403'),(130,'23:10:00','RE54',8,'12005403'),(131,'02:40:00','RE54',8,'12005403'),(132,'05:17:00','RB58',8,'13005804'),(133,'06:17:00','RB58',8,'13005804'),(134,'07:17:00','RB58',8,'13005804'),(135,'08:17:00','RB58',8,'13005804'),(136,'09:17:00','RB58',8,'13005804'),(137,'10:17:00','RB58',8,'13005804'),(138,'11:17:00','RB58',8,'13005804'),(139,'12:17:00','RB58',8,'13005804'),(140,'13:17:00','RB58',8,'13005804'),(141,'14:17:00','RB58',8,'13005804'),(142,'15:17:00','RB58',8,'13005804'),(143,'15:17:00','RB58',8,'13005804'),(144,'16:17:00','RB58',8,'13005804'),(145,'17:17:00','RB58',8,'13005804'),(146,'18:17:00','RB58',8,'13005804'),(147,'19:17:00','RB58',8,'13005804'),(148,'20:17:00','RB58',8,'13005804'),(149,'21:17:00','RB58',8,'13005804'),(150,'22:17:00','RB58',8,'13005804'),(151,'23:17:00','RB58',8,'13005804'),(152,'05:56:00','RB58',7,'13005805'),(153,'06:56:00','RB58',7,'13005805'),(154,'07:56:00','RB58',7,'13005805'),(155,'08:56:00','RB58',7,'13005805'),(156,'09:56:00','RB58',7,'13005805'),(157,'10:56:00','RB58',7,'13005805'),(158,'11:56:00','RB58',7,'13005805'),(159,'12:56:00','RB58',7,'13005805'),(160,'13:56:00','RB58',7,'13005805'),(161,'14:56:00','RB58',7,'13005805'),(162,'15:56:00','RB58',7,'13005805'),(163,'15:56:00','RB58',7,'13005805'),(164,'16:56:00','RB58',7,'13005805'),(165,'17:56:00','RB58',7,'13005805'),(166,'18:56:00','RB58',7,'13005805'),(167,'19:56:00','RB58',7,'13005805'),(168,'20:56:00','RB58',7,'13005805'),(169,'21:56:00','RB58',7,'13005805'),(170,'22:56:00','RB58',7,'13005805'),(171,'23:56:00','RB58',7,'13005805'),(172,'04:39:00','RE59',7,'12005901'),(173,'06:40:00','RE59',7,'12005901'),(174,'08:41:00','RE59',7,'12005901'),(175,'10:39:00','RE59',7,'12005901'),(176,'12:39:00','RE59',7,'12005901'),(177,'14:39:00','RE59',7,'12005901'),(178,'16:40:00','RE59',7,'12005901'),(179,'18:39:00','RE59',7,'12005901'),(180,'20:39:00','RE59',7,'12005901'),(181,'05:14:00','RE59',8,'12005902'),(182,'07:21:00','RE59',8,'12005902'),(183,'09:24:00','RE59',8,'12005902'),(184,'11:24:00','RE59',8,'12005902'),(185,'13:24:00','RE59',8,'12005902'),(186,'15:23:00','RE59',8,'12005902'),(187,'17:21:00','RE59',8,'12005902'),(188,'19:24:00','RE59',8,'12005902'),(189,'21:24:00','RE59',8,'12005902'),(190,'00:03:00','S3',4,'10000301'),(191,'00:33:00','S3',4,'10000301'),(192,'01:03:00','S3',4,'10000301'),(193,'02:03:00','S3',4,'10000301'),(194,'03:03:00','S3',4,'10000301'),(195,'04:03:00','S3',4,'10000301'),(196,'04:33:00','S3',4,'10000301'),(197,'05:03:00','S3',4,'10000301'),(198,'05:33:00','S3',4,'10000301'),(199,'06:03:00','S3',4,'10000301'),(200,'06:33:00','S3',4,'10000301'),(201,'07:03:00','S3',4,'10000301'),(202,'07:33:00','S3',4,'10000301'),(203,'08:03:00','S3',4,'10000301'),(204,'08:33:00','S3',4,'10000301'),(205,'09:03:00','S3',4,'10000301'),(206,'09:33:00','S3',4,'10000301'),(207,'10:03:00','S3',4,'10000301'),(208,'10:33:00','S3',4,'10000301'),(209,'11:03:00','S3',4,'10000301'),(210,'11:33:00','S3',4,'10000301'),(211,'12:03:00','S3',4,'10000301'),(212,'12:33:00','S3',4,'10000301'),(213,'13:03:00','S3',4,'10000301'),(214,'13:33:00','S3',4,'10000301'),(215,'14:03:00','S3',4,'10000301'),(216,'14:33:00','S3',4,'10000301'),(217,'15:03:00','S3',4,'10000301'),(218,'15:33:00','S3',4,'10000301'),(219,'16:03:00','S3',4,'10000301'),(220,'16:33:00','S3',4,'10000301'),(221,'17:03:00','S3',4,'10000301'),(222,'17:33:00','S3',4,'10000301'),(223,'18:03:00','S3',4,'10000301'),(224,'18:33:00','S3',4,'10000301'),(225,'19:03:00','S3',4,'10000301'),(226,'19:33:00','S3',4,'10000301'),(227,'20:03:00','S3',4,'10000301'),(228,'20:33:00','S3',4,'10000301'),(229,'21:03:00','S3',4,'10000301'),(230,'21:33:00','S3',4,'10000301'),(231,'22:03:00','S3',4,'10000301'),(232,'22:33:00','S3',4,'10000301'),(233,'23:03:00','S3',4,'10000301'),(234,'23:33:00','S3',4,'10000301'),(237,'01:22:59','S3',4,'10000301'),(238,'01:23:59','S3',4,'10000301'),(245,'04:33:00','S4',4,'10000401'),(246,'04:48:00','S4',4,'10000401'),(247,'05:48:00','S4',4,'10000401'),(248,'06:48:00','S4',4,'10000401'),(249,'07:48:00','S4',4,'10000401'),(250,'08:48:00','S4',4,'10000401'),(251,'09:48:00','S4',4,'10000401'),(252,'10:48:00','S4',4,'10000401'),(253,'11:48:00','S4',4,'10000401'),(254,'12:48:00','S4',4,'10000401'),(255,'13:48:00','S4',4,'10000401'),(256,'14:48:00','S4',4,'10000401'),(257,'15:48:00','S4',4,'10000401'),(258,'16:48:00','S4',4,'10000401'),(259,'17:48:00','S4',4,'10000401'),(260,'18:48:00','S4',4,'10000401'),(261,'19:48:00','S4',4,'10000401'),(262,'20:48:00','S4',4,'10000401'),(263,'21:48:00','S4',4,'10000401'),(264,'22:48:00','S4',4,'10000401'),(265,'23:48:00','S4',4,'10000401'),(266,'23:18:00','S4',4,'10000401'),(267,'22:18:00','S4',4,'10000401'),(268,'21:18:00','S4',4,'10000401'),(269,'20:18:00','S4',4,'10000401'),(270,'19:18:00','S4',4,'10000401'),(271,'18:18:00','S4',4,'10000401'),(272,'17:18:00','S4',4,'10000401'),(273,'16:18:00','S4',4,'10000401'),(274,'15:18:00','S4',4,'10000401'),(275,'14:18:00','S4',4,'10000401'),(276,'13:18:00','S4',4,'10000401'),(277,'12:18:00','S4',4,'10000401'),(278,'11:18:00','S4',4,'10000401'),(280,'09:18:00','S4',4,'10000401'),(281,'08:18:00','S4',4,'10000401'),(282,'07:18:00','S4',4,'10000401'),(283,'06:18:00','S4',4,'10000401'),(284,'05:18:00','S4',4,'10000401'),(285,'04:26:00','RB58',7,'13005801'),(286,'01:54:00','RB58',6,'13005801'),(287,'02:21:00','RB58',8,'13005802'),(288,'02:08:00','RB51',6,'13005102'),(289,'00:13:00','S5',2,'10000501'),(290,'01:13:00','S5',2,'10000501'),(291,'02:13:00','S5',2,'10000501'),(292,'03:13:00','S5',2,'10000501'),(293,'04:13:00','S5',2,'10000501'),(294,'05:13:00','S5',2,'10000501'),(295,'06:13:00','S5',2,'10000501'),(296,'07:13:00','S5',2,'10000501'),(297,'08:13:00','S5',2,'10000501'),(298,'09:13:00','S5',2,'10000501'),(299,'00:43:00','S5',2,'10000501'),(300,'04:43:00','S5',2,'10000501'),(301,'05:43:00','S5',2,'10000501'),(302,'06:43:00','S5',2,'10000501'),(303,'07:43:00','S5',2,'10000501'),(304,'08:43:00','S5',2,'10000501'),(305,'09:43:00','S5',2,'10000501'),(306,'10:13:00','S5',2,'10000501'),(307,'10:43:00','S5',2,'10000501'),(308,'11:13:00','S5',2,'10000501'),(309,'11:43:00','S5',2,'10000501'),(310,'12:13:00','S5',2,'10000501'),(311,'12:43:00','S5',2,'10000501'),(312,'13:13:00','S5',2,'10000501'),(313,'13:43:00','S5',2,'10000501'),(314,'14:13:00','S5',2,'10000501'),(315,'14:43:00','S5',2,'10000501'),(316,'15:13:00','S5',2,'10000501'),(317,'15:43:00','S5',2,'10000501'),(318,'16:13:00','S5',2,'10000501'),(319,'16:43:00','S5',2,'10000501'),(320,'17:13:00','S5',2,'10000501'),(321,'17:43:00','S5',2,'10000501'),(322,'18:13:00','S5',2,'10000501'),(323,'18:43:00','S5',2,'10000501'),(324,'19:13:00','S5',2,'10000501'),(325,'19:43:00','S5',2,'10000501'),(326,'20:13:00','S5',2,'10000501'),(327,'20:43:00','S5',2,'10000501'),(328,'21:13:00','S5',2,'10000501'),(329,'21:43:00','S5',2,'10000501'),(330,'22:13:00','S5',2,'10000501'),(331,'22:43:00','S5',2,'10000501'),(332,'23:13:00','S5',2,'10000501'),(333,'23:43:00','S5',2,'10000501'),(334,'06:28:00','S5',2,'10000501'),(335,'06:28:00','S5',2,'10000502'),(336,'06:58:00','S5',2,'10000502'),(337,'07:28:00','S5',2,'10000502'),(338,'07:58:00','S5',2,'10000502'),(339,'08:28:00','S5',2,'10000502'),(340,'08:58:00','S5',2,'10000502'),(341,'09:28:00','S5',2,'10000502'),(342,'09:58:00','S5',2,'10000502'),(343,'10:28:00','S5',2,'10000502'),(344,'10:58:00','S5',2,'10000502'),(345,'11:28:00','S5',2,'10000502'),(346,'11:58:00','S5',2,'10000502'),(347,'12:28:00','S5',2,'10000502'),(348,'12:58:00','S5',2,'10000502'),(349,'13:28:00','S5',2,'10000502'),(350,'13:58:00','S5',2,'10000502'),(351,'14:28:00','S5',2,'10000502'),(352,'14:58:00','S5',2,'10000502'),(353,'15:28:00','S5',2,'10000502'),(354,'15:58:00','S5',2,'10000502'),(355,'16:28:00','S5',2,'10000502'),(356,'16:58:00','S5',2,'10000502'),(357,'17:28:00','S5',2,'10000502'),(358,'17:58:00','S5',2,'10000502'),(359,'18:28:00','S5',2,'10000502'),(360,'18:58:00','S5',2,'10000502'),(361,'19:28:00','S5',2,'10000502'),(362,'19:58:00','S5',2,'10000502'),(363,'20:28:00','S5',2,'10000502'),(364,'10:23:00','RE50',5,'12005001'),(365,'11:23:00','RE50',5,'12005001'),(366,'12:23:00','RE50',5,'12005001'),(367,'13:23:00','RE50',5,'12005001'),(368,'14:23:00','RE50',5,'12005001'),(369,'15:23:00','RE50',5,'12005001'),(370,'16:23:00','RE50',5,'12005001'),(371,'17:23:00','RE50',5,'12005001'),(372,'18:23:00','RE50',5,'12005001'),(373,'19:23:00','RE50',5,'12005001'),(374,'20:23:00','RE50',5,'12005001'),(375,'21:23:00','RE50',5,'12005001'),(376,'22:23:00','RE50',5,'12005001'),(377,'23:23:00','RE50',5,'12005001'),(378,'14:27:00','RE50',5,'12005001'),(379,'15:56:00','RE50',5,'12005001'),(380,'09:27:00','RE50',5,'12005001'),(381,'08:23:00','RE50',5,'12005001'),(382,'07:34:00','RE50',5,'12005001'),(383,'07:23:00','RE50',5,'12005001'),(384,'07:10:00','RE50',5,'12005001'),(385,'06:30:00','RE50',5,'12005001'),(386,'05:53:00','RE50',5,'12005001'),(387,'05:15:00','RE50',5,'12005001'),(388,'00:26:00','RE50',5,'12005001'),(389,'06:33:00','RE50',6,'12005002'),(390,'07:33:00','RE50',6,'12005002'),(391,'08:33:00','RE50',6,'12005002'),(392,'09:33:00','RE50',6,'12005002'),(393,'10:33:00','RE50',6,'12005002'),(394,'11:33:00','RE50',6,'12005002'),(395,'12:33:00','RE50',6,'12005002'),(396,'13:33:00','RE50',6,'12005002'),(397,'14:33:00','RE50',6,'12005002'),(398,'15:33:00','RE50',6,'12005002'),(399,'16:33:00','RE50',6,'12005002'),(400,'17:33:00','RE50',6,'12005002'),(401,'18:33:00','RE50',6,'12005002'),(402,'19:33:00','RE50',6,'12005002'),(403,'20:33:00','RE50',6,'12005002'),(404,'21:33:00','RE50',6,'12005002'),(405,'23:33:00','RE50',6,'12005002'),(406,'05:24:00','RE50',6,'12005002'),(407,'16:56:00','RE50',6,'12005002'),(408,'17:55:00','RE50',6,'12005002'),(409,'15:56:00','RE50',6,'12005003'),(410,'22:33:00','RE50',6,'12005003'),(411,'08:20:00','ICE1590',8,'15159001'),(413,'10:20:00','ICE992',8,'15099201'),(414,'12:20:00','ICE798',8,'15099201'),(415,'14:20:00','ICE796',8,'15099201'),(416,'16:20:00','ICE794',8,'15099201'),(417,'17:15:00','ICE776',8,'15077601'),(420,'20:20:00','ICE1690',8,'15169001'),(421,'17:55:00','ICE1079',7,'15107901'),(422,'04:53:00','S6',3,'10000601'),(423,'05:23:00','S6',3,'10000601'),(424,'05:53:00','S6',3,'10000601'),(426,'06:53:00','S6',3,'10000601'),(427,'07:23:00','S6',3,'10000601'),(428,'07:53:00','S6',3,'10000601'),(429,'08:23:00','S6',3,'10000601'),(430,'08:53:00','S6',3,'10000601'),(431,'09:23:00','S6',3,'10000601'),(432,'09:53:00','S6',3,'10000601'),(433,'10:23:00','S6',3,'10000601'),(434,'10:53:00','S6',3,'10000601'),(435,'11:23:00','S6',3,'10000601'),(436,'11:53:00','S6',3,'10000601'),(437,'12:23:00','S6',3,'10000601'),(438,'12:53:00','S6',3,'10000601'),(439,'13:23:00','S6',3,'10000601'),(440,'13:53:00','S6',3,'10000601'),(441,'14:23:00','S6',3,'10000601'),(442,'14:53:00','S6',3,'10000601'),(443,'15:23:00','S6',3,'10000601'),(444,'15:53:00','S6',3,'10000601'),(445,'16:23:00','S6',3,'10000601'),(446,'16:53:00','S6',3,'10000601'),(447,'17:23:00','S6',3,'10000601'),(448,'17:53:00','S6',3,'10000601'),(449,'18:23:00','S6',3,'10000601'),(450,'18:53:00','S6',3,'10000601'),(451,'19:23:00','S6',3,'10000601'),(452,'19:53:00','S6',3,'10000601'),(453,'20:23:00','S6',3,'10000601'),(454,'20:53:00','S6',3,'10000601'),(455,'21:23:00','S6',3,'10000601'),(456,'21:53:00','S6',3,'10000601'),(457,'22:23:00','S6',3,'10000601'),(458,'22:53:00','S6',3,'10000601'),(459,'23:23:00','S6',3,'10000601'),(460,'23:53:00','S6',3,'10000601'),(461,'18:08:00','S6',3,'10000602'),(462,'18:38:00','S6',3,'10000602'),(463,'19:08:00','S6',3,'10000602'),(464,'19:38:00','S6',3,'10000602'),(465,'17:08:00','S6',3,'10000601'),(466,'17:38:00','S6',3,'10000601'),(467,'05:38:00','S6',3,'10000602'),(468,'06:23:00','S6',3,'10000602'),(470,'07:38:00','S6',3,'10000602'),(471,'08:08:00','S6',3,'10000602'),(475,'10:08:00','S6',3,'10000602'),(480,'02:38:00','S6',3,'10000602'),(481,'03:08:00','S6',3,'10000602'),(482,'03:38:00','S6',3,'10000602'),(483,'04:08:00','S6',3,'10000602'),(484,'04:38:00','S6',3,'10000602'),(485,'05:08:00','S6',3,'10000602'),(486,'05:38:00','S6',3,'10000602'),(487,'06:08:00','S6',3,'10000602'),(488,'06:38:00','S6',3,'10000602'),(489,'07:08:00','S6',3,'10000602'),(492,'08:38:00','S6',3,'10000602'),(493,'09:08:00','S6',3,'10000602'),(494,'09:38:00','S6',3,'10000602'),(496,'10:38:00','S6',3,'10000602'),(497,'11:08:00','S6',3,'10000602'),(498,'11:38:00','S6',3,'10000602'),(499,'12:08:00','S6',3,'10000602'),(500,'12:38:00','S6',3,'10000602'),(501,'13:08:00','S6',3,'10000602'),(502,'13:38:00','S6',3,'10000602'),(503,'14:08:00','S6',3,'10000602'),(504,'14:38:00','S6',3,'10000602'),(505,'15:08:00','S6',3,'10000602'),(506,'15:38:00','S6',3,'10000602'),(507,'16:08:00','S6',3,'10000602'),(508,'16:38:00','S6',3,'10000602'),(509,'04:28:00','S3',1,'10000302'),(510,'04:58:00','S3',1,'10000302'),(511,'05:28:00','S3',1,'10000302'),(512,'05:58:00','S3',1,'10000302'),(513,'06:28:00','S3',1,'10000302'),(514,'06:58:00','S3',1,'10000302'),(515,'07:28:00','S3',1,'10000302'),(516,'07:58:00','S3',1,'10000302'),(517,'08:28:00','S3',1,'10000302'),(518,'08:58:00','S3',1,'10000302'),(519,'09:28:00','S3',1,'10000302'),(520,'09:58:00','S3',1,'10000302'),(521,'10:28:00','S3',1,'10000302'),(522,'10:58:00','S3',1,'10000302'),(523,'11:28:00','S3',1,'10000302'),(524,'11:58:00','S3',1,'10000302'),(525,'12:28:00','S3',1,'10000302'),(526,'12:58:00','S3',1,'10000302'),(527,'13:28:00','S3',1,'10000302'),(528,'13:58:00','S3',1,'10000302'),(529,'14:28:00','S3',1,'10000302'),(530,'14:58:00','S3',1,'10000302'),(531,'15:28:00','S3',1,'10000302'),(532,'15:58:00','S3',1,'10000302'),(533,'16:28:00','S3',1,'10000302'),(534,'16:58:00','S3',1,'10000302'),(535,'17:28:00','S3',1,'10000302'),(536,'17:58:00','S3',1,'10000302'),(537,'18:28:00','S3',1,'10000302'),(538,'18:58:00','S3',1,'10000302'),(539,'19:28:00','S3',1,'10000302'),(540,'19:58:00','S3',1,'10000302'),(541,'20:28:00','S3',1,'10000302'),(542,'20:58:00','S3',1,'10000302'),(543,'21:28:00','S3',1,'10000302'),(544,'21:58:00','S3',1,'10000302'),(545,'22:28:00','S3',1,'10000302'),(546,'22:58:00','S3',1,'10000302'),(547,'23:28:00','S3',1,'10000302'),(548,'23:58:00','S3',1,'10000302'),(549,'00:58:00','S3',1,'10000302'),(551,'01:28:00','S3',1,'10000302'),(560,'04:43:00','S4',1,'10000402'),(561,'05:13:00','S4',1,'10000402'),(562,'05:43:00','S4',1,'10000402'),(563,'06:13:00','S4',1,'10000402'),(564,'06:43:00','S4',1,'10000402'),(565,'07:13:00','S4',1,'10000402'),(566,'07:43:00','S4',1,'10000402'),(567,'08:13:00','S4',1,'10000402'),(568,'08:43:00','S4',1,'10000402'),(569,'09:13:00','S4',1,'10000402'),(570,'09:43:00','S4',1,'10000402'),(572,'10:43:00','S4',1,'10000402'),(573,'11:13:00','S4',1,'10000402'),(574,'11:43:00','S4',1,'10000402'),(575,'12:13:00','S4',1,'10000402'),(576,'12:43:00','S4',1,'10000402'),(577,'13:13:00','S4',1,'10000402'),(578,'13:43:00','S4',1,'10000402'),(579,'14:13:00','S4',1,'10000402'),(580,'14:43:00','S4',1,'10000402'),(581,'15:13:00','S4',1,'10000402'),(582,'15:43:00','S4',1,'10000402'),(583,'16:13:00','S4',1,'10000402'),(584,'16:43:00','S4',1,'10000402'),(585,'17:13:00','S4',1,'10000402'),(586,'17:43:00','S4',1,'10000402'),(587,'18:13:00','S4',1,'10000402'),(588,'18:43:00','S4',1,'10000402'),(589,'19:13:00','S4',1,'10000402'),(590,'19:43:00','S4',1,'10000402'),(591,'20:13:00','S4',1,'10000402'),(592,'20:43:00','S4',1,'10000402'),(593,'21:13:00','S4',1,'10000402'),(594,'10:13:00','S4',1,'10000402'),(595,'10:18:00','S4',4,'10000401'),(596,'09:12:00','FLX1249',8,'15124901'),(597,'13:12:00','FLX1244',7,'15124401'),(598,'17:13:00','FLX1246',7,'15124401'),(601,'23:59:59','RE99',9,'15124401'),(602,'23:59:59','RE99',9,'15124401'),(603,'23:59:59','RE99',9,'15124401'),(604,'23:59:59','RE99',9,'15124401'),(605,'23:59:59','RE99',9,'15124401'),(606,'23:59:59','RE99',9,'15124401'),(607,'23:59:59','RE99',9,'15124401'),(608,'23:59:59','RE99',9,'15124401'),(609,'23:59:59','RE99',9,'15124401'),(610,'23:59:59','RE99',9,'12005003'),(611,'23:07:30','ICE992',9,'00000014'),(612,'23:15:30','ICE992',9,'00000014'),(613,'23:23:30','ICE992',9,'00000014'),(614,'23:31:30','ICE992',9,'00000014'),(615,'23:39:30','ICE992',9,'00000014'),(616,'06:44:00','RE85',7,'12008501'),(617,'16:44:00','RE85',7,'12008501'),(618,'18:44:00','RE85',7,'12008501'),(619,'08:44:00','RE85',7,'12008502'),(621,'10:44:00','RE85',7,'12008502'),(623,'12:44:00','RE85',7,'12008502'),(625,'14:44:00','RE85',7,'12008502'),(626,'20:44:00','RE85',7,'12008502'),(627,'07:43:00','RE85',7,'12008503'),(628,'09:43:00','RE85',7,'12008503'),(629,'11:43:00','RE85',7,'12008503'),(630,'13:43:00','RE85',7,'12008503'),(631,'15:52:00','RE85',7,'12008504'),(632,'17:48:00','RE85',8,'12008505'),(633,'19:43:00','RE85',7,'12008502'),(634,'23:22:00','RE85',6,'12008506'),(637,'16:37:00','RB61',9,'13006101'),(638,'17:40:00','RB61',9,'13006101'),(639,'18:44:00','RB61',9,'13006102');
/*!40000 ALTER TABLE `abfahrt` ENABLE KEYS */;
UNLOCK TABLES;

--
-- Table structure for table `haltepunkt`
--

DROP TABLE IF EXISTS `haltepunkt`;
/*!40101 SET @saved_cs_client     = @@character_set_client */;
/*!50503 SET character_set_client = utf8mb4 */;
CREATE TABLE `haltepunkt` (
  `halteName` varchar(115) NOT NULL,
  PRIMARY KEY (`halteName`),
  UNIQUE KEY `halteName` (`halteName`)
) ENGINE=InnoDB DEFAULT CHARSET=utf8mb3;
/*!40101 SET character_set_client = @saved_cs_client */;

--
-- Dumping data for table `haltepunkt`
--

LOCK TABLES `haltepunkt` WRITE;
/*!40000 ALTER TABLE `haltepunkt` DISABLE KEYS */;
INSERT INTO `haltepunkt` VALUES (''),('Aschaffenburg Hbf'),('Babenhausen'),('Bad Hersfeld'),('Bad Homburg'),('Bad König'),('Bad Soden (Taunus)'),('Bad Soden-Salmünster'),('Bamberg'),('Bebra'),('Berlin Alexanderplatz'),('Berlin Gesundbrunnen'),('Berlin Hbf'),('Berlin Ostbahnhof'),('Berlin Südkreuz'),('Darmstadt Hbf'),('Dieburg'),('Dreieich-Buchschlag'),('Dreieich-Dreieichenhain'),('Dreieich-Götzenhain'),('Dreieich-Offenthal'),('Dreieich-Sprendlingen'),('Dreieich-Weibelfeld'),('Eppertshausen'),('Erbach'),('Erbach (Odenwald)'),('Frankfurt (Main) Flughafen Regionalbahnhof'),('Frankfurt (Main) Hbf'),('Friedberg'),('Friedrichsdorf'),('Fulda'),('Gemünden (Main)'),('Groß-Karben'),('Groß-Umstadt Mitte'),('Groß-Umstadt Wiebelsbach'),('Hainburg Hainstadt'),('Hanau Hbf'),('Höchst (Odenwald)'),('Kronberg'),('Langen'),('Laufach'),('Mainhausen Zellhausen'),('Michelstadt'),('Münster'),('Offenbach Hbf'),('Oldenburg Hbf'),('Rödermark - Ober-Roden'),('Rödermark-Urberach'),('Rüsselsheim Opelwerk'),('Seligenstadt'),('Stuttgart Hbf'),('Testbahnhof'),('Wächtersbach'),('Wiebelsbach'),('Würzburg Hbf');
/*!40000 ALTER TABLE `haltepunkt` ENABLE KEYS */;
UNLOCK TABLES;

--
-- Table structure for table `route`
--

DROP TABLE IF EXISTS `route`;
/*!40101 SET @saved_cs_client     = @@character_set_client */;
/*!50503 SET character_set_client = utf8mb4 */;
CREATE TABLE `route` (
  `id` varchar(8) NOT NULL,
  `ziel` varchar(115) NOT NULL,
  PRIMARY KEY (`id`),
  UNIQUE KEY `id` (`id`),
  KEY `ziel` (`ziel`),
  CONSTRAINT `route_ibfk_1` FOREIGN KEY (`ziel`) REFERENCES `haltepunkt` (`halteName`)
) ENGINE=InnoDB DEFAULT CHARSET=utf8mb3;
/*!40101 SET character_set_client = @saved_cs_client */;

--
-- Dumping data for table `route`
--

LOCK TABLES `route` WRITE;
/*!40000 ALTER TABLE `route` DISABLE KEYS */;
INSERT INTO `route` VALUES ('13005803','Aschaffenburg Hbf'),('12008503','Babenhausen'),('10000502','Bad Homburg'),('10000301','Bad Soden (Taunus)'),('13005104','Bad Soden-Salmünster'),('12005403','Bamberg'),('12005503','Bamberg'),('12000502','Bebra'),('12005003','Bebra'),('15099202','Berlin Alexanderplatz'),('15124901','Berlin Gesundbrunnen'),('15124401','Berlin Hbf'),('15079201','Berlin Ostbahnhof'),('15099201','Berlin Ostbahnhof'),('15159001','Berlin Ostbahnhof'),('15169001','Berlin Ostbahnhof'),('10000302','Darmstadt Hbf'),('13006102','Dieburg'),('12008501','Erbach (Odenwald)'),('12005901','Frankfurt (Main) Flughafen Regionalbahnhof'),('12000501','Frankfurt (Main) Hbf'),('12005001','Frankfurt (Main) Hbf'),('12005401','Frankfurt (Main) Hbf'),('12005501','Frankfurt (Main) Hbf'),('13005101','Frankfurt (Main) Hbf'),('13005801','Frankfurt (Main) Hbf'),('10000601','Friedberg'),('10000501','Friedrichsdorf'),('12005002','Fulda'),('13005103','Fulda'),('10000602','Groß-Karben'),('12008502','Groß-Umstadt Wiebelsbach'),('12008504','Groß-Umstadt Wiebelsbach'),('12008505','Groß-Umstadt Wiebelsbach'),('12008506','Groß-Umstadt Wiebelsbach'),('12005902','Hanau Hbf'),('13005802','Hanau Hbf'),('10000401','Kronberg'),('10000402','Langen'),('13005804','Laufach'),('15077601','Oldenburg Hbf'),('13006101','Rödermark - Ober-Roden'),('13005805','Rüsselsheim Opelwerk'),('15107901','Stuttgart Hbf'),('00000014','Testbahnhof'),('00121212','Testbahnhof'),('00121213','Testbahnhof'),('00121214','Testbahnhof'),('00121215','Testbahnhof'),('00121216','Testbahnhof'),('00121217','Testbahnhof'),('13005102','Wächtersbach'),('12005402','Würzburg Hbf'),('12005502','Würzburg Hbf');
/*!40000 ALTER TABLE `route` ENABLE KEYS */;
UNLOCK TABLES;
/*!40103 SET TIME_ZONE=@OLD_TIME_ZONE */;

/*!40101 SET SQL_MODE=@OLD_SQL_MODE */;
/*!40014 SET FOREIGN_KEY_CHECKS=@OLD_FOREIGN_KEY_CHECKS */;
/*!40014 SET UNIQUE_CHECKS=@OLD_UNIQUE_CHECKS */;
/*!40101 SET CHARACTER_SET_CLIENT=@OLD_CHARACTER_SET_CLIENT */;
/*!40101 SET CHARACTER_SET_RESULTS=@OLD_CHARACTER_SET_RESULTS */;
/*!40101 SET COLLATION_CONNECTION=@OLD_COLLATION_CONNECTION */;
/*!40111 SET SQL_NOTES=@OLD_SQL_NOTES */;

-- Dump completed on 2023-01-05 20:21:59
